{
  "timestamp": 1783548256.5956128,
  "target_combinations": 2000,
  "total_unique": 1370,
  "total_tested": 1370,
  "avg_composite": 0.5588900034534322,
  "avg_viability": 0.7689142827362003,
  "avg_novelty": 0.5698075716186752,
  "avg_coherence": 0.4343894953559864,
  "avg_impact": 0.4895322793554045,
  "top_score": 0.7176922377399604,
  "top_patterns": [
    [
      "hibridizacao_concetitual",
      744
    ],
    [
      "complementaridade_paradigmatica",
      259
    ],
    [
      "isomorfismo_formal",
      245
    ],
    [
      "traducao_interdisciplinar",
      47
    ],
    [
      "meta_padrao",
      40
    ]
  ],
  "duration_seconds": 79.05358719825745,
  "theses_generated": 10
}